Destination Name,Country,Description,Category,Best Season,Travel Options
Khunjerab Pass,Pakistan,Khunjerab Pass is a popular tourist destination in Pakistan known for its unique attractions.,mountain,All Year,bike
Taxila,Pakistan,Taxila is a popular tourist destination in Pakistan known for its unique attractions.,city,Winter,"car, plane, bike"
Kalat,Pakistan,Kalat is a popular tourist destination in Pakistan known for its unique attractions.,city,Summer,"bike, car, bus"
Hanna Lake,Pakistan,Hanna Lake is a popular tourist destination in Pakistan known for its unique attractions.,beach,Autumn,train
Khunjerab Pass,Pakistan,Khunjerab Pass is a popular tourist destination in Pakistan known for its unique attractions.,cultural,Summer,"car, train"
Khunjerab Pass,Pakistan,Khunjerab Pass is a popular tourist destination in Pakistan known for its unique attractions.,mountain,Autumn,"car, bus, plane"
Lahore,Pakistan,Lahore is a popular tourist destination in Pakistan known for its unique attractions.,cultural,All Year,bike
Derawar Fort,Pakistan,Derawar Fort is a popular tourist destination in Pakistan known for its unique attractions.,historical,Summer,"bus, train, car"
Kalash Valley,Pakistan,Kalash Valley is a popular tourist destination in Pakistan known for its unique attractions.,beach,All Year,car
Takht-e-Bahi,Pakistan,Takht-e-Bahi is a popular tourist destination in Pakistan known for its unique attractions.,cultural,Winter,"bike, car, bus"
Rohtas Fort,Pakistan,Rohtas Fort is a popular tourist destination in Pakistan known for its unique attractions.,city,Autumn,train
Derawar Fort,Pakistan,Derawar Fort is a popular tourist destination in Pakistan known for its unique attractions.,beach,Spring,"train, car"
Taxila,Pakistan,Taxila is a popular tourist destination in Pakistan known for its unique attractions.,cultural,Winter,"bus, bike"
Gilgit,Pakistan,Gilgit is a popular tourist destination in Pakistan known for its unique attractions.,cultural,Summer,"bike, train"
Hingol National Park,Pakistan,Hingol National Park is a popular tourist destination in Pakistan known for its unique attractions.,cultural,Winter,"bike, plane, car"
Thatta,Pakistan,Thatta is a popular tourist destination in Pakistan known for its unique attractions.,historical,Autumn,train
Naltar Valley,Pakistan,Naltar Valley is a popular tourist destination in Pakistan known for its unique attractions.,city,Autumn,"bike, car"
Derawar Fort,Pakistan,Derawar Fort is a popular tourist destination in Pakistan known for its unique attractions.,beach,Winter,"plane, car"
Naltar Valley,Pakistan,Naltar Valley is a popular tourist destination in Pakistan known for its unique attractions.,beach,Spring,"bike, train, plane"
Patriata,Pakistan,Patriata is a popular tourist destination in Pakistan known for its unique attractions.,cultural,Spring,"bus, plane, car"
Neelum Valley,Pakistan,Neelum Valley is a popular tourist destination in Pakistan known for its unique attractions.,cultural,Winter,bus
Thatta,Pakistan,Thatta is a popular tourist destination in Pakistan known for its unique attractions.,cultural,Spring,"car, plane"
Siri Paye,Pakistan,Siri Paye is a popular tourist destination in Pakistan known for its unique attractions.,cultural,All Year,bus
Saif-ul-Malook Lake,Pakistan,Saif-ul-Malook Lake is a popular tourist destination in Pakistan known for its unique attractions.,adventure,All Year,"plane, car, train"
Kaghan,Pakistan,Kaghan is a popular tourist destination in Pakistan known for its unique attractions.,cultural,Spring,"bike, car, plane"
Kalash Valley,Pakistan,Kalash Valley is a popular tourist destination in Pakistan known for its unique attractions.,adventure,Spring,"bus, bike, train"
Lahore,Pakistan,Lahore is a popular tourist destination in Pakistan known for its unique attractions.,cultural,Summer,plane
Neelum Valley,Pakistan,Neelum Valley is a popular tourist destination in Pakistan known for its unique attractions.,adventure,Summer,"bike, car, plane"
Gilgit,Pakistan,Gilgit is a popular tourist destination in Pakistan known for its unique attractions.,adventure,Spring,"bus, train, bike"
Malam Jabba,Pakistan,Malam Jabba is a popular tourist destination in Pakistan known for its unique attractions.,historical,Summer,"bus, car"
Gwadar,Pakistan,Gwadar is a popular tourist destination in Pakistan known for its unique attractions.,city,All Year,"train, plane, bike"
Derawar Fort,Pakistan,Derawar Fort is a popular tourist destination in Pakistan known for its unique attractions.,historical,Summer,"bike, plane"
Hunza Valley,Pakistan,Hunza Valley is a popular tourist destination in Pakistan known for its unique attractions.,cultural,Spring,train
Naltar Valley,Pakistan,Naltar Valley is a popular tourist destination in Pakistan known for its unique attractions.,adventure,Autumn,"train, car"
Mohenjo-daro,Pakistan,Mohenjo-daro is a popular tourist destination in Pakistan known for its unique attractions.,cultural,Summer,"train, bus"
Neelum Valley,Pakistan,Neelum Valley is a popular tourist destination in Pakistan known for its unique attractions.,historical,Summer,"bike, car, train"
Ormara,Pakistan,Ormara is a popular tourist destination in Pakistan known for its unique attractions.,cultural,Spring,"bike, plane"
Malam Jabba,Pakistan,Malam Jabba is a popular tourist destination in Pakistan known for its unique attractions.,cultural,Spring,"bus, plane"
Gwadar,Pakistan,Gwadar is a popular tourist destination in Pakistan known for its unique attractions.,city,Summer,"bus, car, bike"
Mohenjo-daro,Pakistan,Mohenjo-daro is a popular tourist destination in Pakistan known for its unique attractions.,historical,All Year,bike
Hingol National Park,Pakistan,Hingol National Park is a popular tourist destination in Pakistan known for its unique attractions.,historical,All Year,"train, car"
Khunjerab Pass,Pakistan,Khunjerab Pass is a popular tourist destination in Pakistan known for its unique attractions.,city,All Year,"bike, bus, car"
Neelum Valley,Pakistan,Neelum Valley is a popular tourist destination in Pakistan known for its unique attractions.,adventure,Spring,"bus, train, plane"
Babusar Pass,Pakistan,Babusar Pass is a popular tourist destination in Pakistan known for its unique attractions.,mountain,Autumn,bus
Multan,Pakistan,Multan is a popular tourist destination in Pakistan known for its unique attractions.,city,All Year,"bike, plane, car"
Derawar Fort,Pakistan,Derawar Fort is a popular tourist destination in Pakistan known for its unique attractions.,cultural,All Year,train
Attabad Lake,Pakistan,Attabad Lake is a popular tourist destination in Pakistan known for its unique attractions.,cultural,All Year,"bike, car"
Thatta,Pakistan,Thatta is a popular tourist destination in Pakistan known for its unique attractions.,beach,Spring,"bike, car"
Pasni,Pakistan,Pasni is a popular tourist destination in Pakistan known for its unique attractions.,adventure,Summer,plane
Saif-ul-Malook Lake,Pakistan,Saif-ul-Malook Lake is a popular tourist destination in Pakistan known for its unique attractions.,beach,All Year,"train, bike, bus"
Gwadar,Pakistan,Gwadar is a popular tourist destination in Pakistan known for its unique attractions.,mountain,All Year,car
Hanna Lake,Pakistan,Hanna Lake is a popular tourist destination in Pakistan known for its unique attractions.,historical,All Year,"bike, train"
Khewra Salt Mine,Pakistan,Khewra Salt Mine is a popular tourist destination in Pakistan known for its unique attractions.,mountain,Spring,"train, plane, bike"
Babusar Pass,Pakistan,Babusar Pass is a popular tourist destination in Pakistan known for its unique attractions.,city,Spring,"car, train, plane"
Attabad Lake,Pakistan,Attabad Lake is a popular tourist destination in Pakistan known for its unique attractions.,city,Autumn,plane
Kaghan,Pakistan,Kaghan is a popular tourist destination in Pakistan known for its unique attractions.,city,Spring,"train, car"
Ratti Gali Lake,Pakistan,Ratti Gali Lake is a popular tourist destination in Pakistan known for its unique attractions.,mountain,Autumn,plane
Hingol National Park,Pakistan,Hingol National Park is a popular tourist destination in Pakistan known for its unique attractions.,city,Spring,"train, plane"
Khewra Salt Mine,Pakistan,Khewra Salt Mine is a popular tourist destination in Pakistan known for its unique attractions.,cultural,All Year,bike
Shogran,Pakistan,Shogran is a popular tourist destination in Pakistan known for its unique attractions.,city,All Year,"train, bus"
Kumrat Valley,Pakistan,Kumrat Valley is a popular tourist destination in Pakistan known for its unique attractions.,historical,All Year,"bus, car, plane"
Fairy Meadows,Pakistan,Fairy Meadows is a popular tourist destination in Pakistan known for its unique attractions.,adventure,Spring,"train, bus"
Multan,Pakistan,Multan is a popular tourist destination in Pakistan known for its unique attractions.,city,All Year,"car, bike, train"
Swat Valley,Pakistan,Swat Valley is a popular tourist destination in Pakistan known for its unique attractions.,city,Spring,"bike, train, plane"
Pasni,Pakistan,Pasni is a popular tourist destination in Pakistan known for its unique attractions.,beach,Autumn,"plane, bus"
Taxila,Pakistan,Taxila is a popular tourist destination in Pakistan known for its unique attractions.,historical,Spring,"bike, plane"
Rohtas Fort,Pakistan,Rohtas Fort is a popular tourist destination in Pakistan known for its unique attractions.,cultural,Winter,"bus, bike, car"
Neelum Valley,Pakistan,Neelum Valley is a popular tourist destination in Pakistan known for its unique attractions.,adventure,All Year,"bike, bus"
Hunza Valley,Pakistan,Hunza Valley is a popular tourist destination in Pakistan known for its unique attractions.,cultural,Summer,bus
Naltar Valley,Pakistan,Naltar Valley is a popular tourist destination in Pakistan known for its unique attractions.,city,Autumn,bus
Shogran,Pakistan,Shogran is a popular tourist destination in Pakistan known for its unique attractions.,mountain,Summer,train
Pasni,Pakistan,Pasni is a popular tourist destination in Pakistan known for its unique attractions.,adventure,Summer,bus
Attabad Lake,Pakistan,Attabad Lake is a popular tourist destination in Pakistan known for its unique attractions.,adventure,All Year,car
Swat Valley,Pakistan,Swat Valley is a popular tourist destination in Pakistan known for its unique attractions.,historical,Autumn,"plane, bus, bike"
Ziarat,Pakistan,Ziarat is a popular tourist destination in Pakistan known for its unique attractions.,beach,Spring,"car, plane, train"
Attabad Lake,Pakistan,Attabad Lake is a popular tourist destination in Pakistan known for its unique attractions.,city,Autumn,"bus, car"
Patriata,Pakistan,Patriata is a popular tourist destination in Pakistan known for its unique attractions.,historical,All Year,"bus, bike, train"
Derawar Fort,Pakistan,Derawar Fort is a popular tourist destination in Pakistan known for its unique attractions.,cultural,Spring,bus
Taxila,Pakistan,Taxila is a popular tourist destination in Pakistan known for its unique attractions.,historical,Autumn,"plane, bike, bus"
Kalat,Pakistan,Kalat is a popular tourist destination in Pakistan known for its unique attractions.,beach,Summer,"plane, bus"
Naltar Valley,Pakistan,Naltar Valley is a popular tourist destination in Pakistan known for its unique attractions.,adventure,Winter,car
Mohenjo-daro,Pakistan,Mohenjo-daro is a popular tourist destination in Pakistan known for its unique attractions.,city,Summer,car
Bhurban,Pakistan,Bhurban is a popular tourist destination in Pakistan known for its unique attractions.,historical,All Year,bike
Murree,Pakistan,Murree is a popular tourist destination in Pakistan known for its unique attractions.,beach,All Year,"bike, train, plane"
Malam Jabba,Pakistan,Malam Jabba is a popular tourist destination in Pakistan known for its unique attractions.,mountain,Autumn,bus
Ratti Gali Lake,Pakistan,Ratti Gali Lake is a popular tourist destination in Pakistan known for its unique attractions.,historical,All Year,"bus, car"
Chitral,Pakistan,Chitral is a popular tourist destination in Pakistan known for its unique attractions.,mountain,Autumn,"car, bus, train"
Naltar Valley,Pakistan,Naltar Valley is a popular tourist destination in Pakistan known for its unique attractions.,historical,Winter,car
Gilgit,Pakistan,Gilgit is a popular tourist destination in Pakistan known for its unique attractions.,beach,Spring,"car, bike, train"
Attabad Lake,Pakistan,Attabad Lake is a popular tourist destination in Pakistan known for its unique attractions.,cultural,Autumn,car
Lahore,Pakistan,Lahore is a popular tourist destination in Pakistan known for its unique attractions.,mountain,Spring,train
Patriata,Pakistan,Patriata is a popular tourist destination in Pakistan known for its unique attractions.,mountain,Summer,plane
Attabad Lake,Pakistan,Attabad Lake is a popular tourist destination in Pakistan known for its unique attractions.,beach,Spring,plane
Islamabad,Pakistan,Islamabad is a popular tourist destination in Pakistan known for its unique attractions.,city,All Year,"train, bus, plane"
Muzaffarabad,Pakistan,Muzaffarabad is a popular tourist destination in Pakistan known for its unique attractions.,mountain,Spring,plane
Ayubia,Pakistan,Ayubia is a popular tourist destination in Pakistan known for its unique attractions.,city,Winter,"bike, bus"
Kalash Valley,Pakistan,Kalash Valley is a popular tourist destination in Pakistan known for its unique attractions.,cultural,Spring,"car, bus"
Babusar Pass,Pakistan,Babusar Pass is a popular tourist destination in Pakistan known for its unique attractions.,beach,Autumn,bike
Muzaffarabad,Pakistan,Muzaffarabad is a popular tourist destination in Pakistan known for its unique attractions.,beach,Winter,bike
Ayubia,Pakistan,Ayubia is a popular tourist destination in Pakistan known for its unique attractions.,cultural,Winter,"bus, plane, car"
Murree,Pakistan,Murree is a popular tourist destination in Pakistan known for its unique attractions.,adventure,Summer,"car, bus"
Naltar Valley,Pakistan,Naltar Valley is a popular tourist destination in Pakistan known for its unique attractions.,adventure,Summer,train
Multan,Pakistan,Multan is a popular tourist destination in Pakistan known for its unique attractions.,adventure,Autumn,"bus, train, plane"
Khewra Salt Mine,Pakistan,Khewra Salt Mine is a popular tourist destination in Pakistan known for its unique attractions.,beach,All Year,plane
Naltar Valley,Pakistan,Naltar Valley is a popular tourist destination in Pakistan known for its unique attractions.,beach,All Year,train
Mohenjo-daro,Pakistan,Mohenjo-daro is a popular tourist destination in Pakistan known for its unique attractions.,cultural,All Year,"train, bus, plane"
Quetta,Pakistan,Quetta is a popular tourist destination in Pakistan known for its unique attractions.,mountain,All Year,bus
Bhurban,Pakistan,Bhurban is a popular tourist destination in Pakistan known for its unique attractions.,adventure,Summer,"plane, car, bike"
Bahawalpur,Pakistan,Bahawalpur is a popular tourist destination in Pakistan known for its unique attractions.,city,All Year,bike
Murree,Pakistan,Murree is a popular tourist destination in Pakistan known for its unique attractions.,adventure,Autumn,train
Khewra Salt Mine,Pakistan,Khewra Salt Mine is a popular tourist destination in Pakistan known for its unique attractions.,beach,Spring,"bike, car, train"
Kumrat Valley,Pakistan,Kumrat Valley is a popular tourist destination in Pakistan known for its unique attractions.,adventure,Summer,"car, plane, bus"
Makli Necropolis,Pakistan,Makli Necropolis is a popular tourist destination in Pakistan known for its unique attractions.,city,Spring,"bus, plane"
Kaghan,Pakistan,Kaghan is a popular tourist destination in Pakistan known for its unique attractions.,adventure,Summer,bus
Gilgit,Pakistan,Gilgit is a popular tourist destination in Pakistan known for its unique attractions.,historical,All Year,"bus, train"
Takht-e-Bahi,Pakistan,Takht-e-Bahi is a popular tourist destination in Pakistan known for its unique attractions.,adventure,Autumn,"bike, car"
Hingol National Park,Pakistan,Hingol National Park is a popular tourist destination in Pakistan known for its unique attractions.,cultural,Spring,"car, plane, bike"
Makli Necropolis,Pakistan,Makli Necropolis is a popular tourist destination in Pakistan known for its unique attractions.,beach,Spring,"car, bus, plane"
Ziarat,Pakistan,Ziarat is a popular tourist destination in Pakistan known for its unique attractions.,city,Spring,"bus, plane"
Murree,Pakistan,Murree is a popular tourist destination in Pakistan known for its unique attractions.,city,Winter,plane
Hanna Lake,Pakistan,Hanna Lake is a popular tourist destination in Pakistan known for its unique attractions.,cultural,All Year,"bus, train"
Multan,Pakistan,Multan is a popular tourist destination in Pakistan known for its unique attractions.,cultural,Summer,"plane, car"
Babusar Pass,Pakistan,Babusar Pass is a popular tourist destination in Pakistan known for its unique attractions.,city,All Year,"bike, train"
Makli Necropolis,Pakistan,Makli Necropolis is a popular tourist destination in Pakistan known for its unique attractions.,city,Spring,"car, plane, train"
Makli Necropolis,Pakistan,Makli Necropolis is a popular tourist destination in Pakistan known for its unique attractions.,adventure,Spring,"car, bus, plane"
Mohenjo-daro,Pakistan,Mohenjo-daro is a popular tourist destination in Pakistan known for its unique attractions.,city,All Year,"bus, bike, car"
Siri Paye,Pakistan,Siri Paye is a popular tourist destination in Pakistan known for its unique attractions.,city,Spring,bike
Gwadar,Pakistan,Gwadar is a popular tourist destination in Pakistan known for its unique attractions.,adventure,Autumn,car
Bhurban,Pakistan,Bhurban is a popular tourist destination in Pakistan known for its unique attractions.,historical,Winter,"car, bus"
Skardu,Pakistan,Skardu is a popular tourist destination in Pakistan known for its unique attractions.,historical,All Year,bike
Ormara,Pakistan,Ormara is a popular tourist destination in Pakistan known for its unique attractions.,mountain,Autumn,"bus, plane"
Bahawalpur,Pakistan,Bahawalpur is a popular tourist destination in Pakistan known for its unique attractions.,historical,All Year,"bike, plane, car"
Fairy Meadows,Pakistan,Fairy Meadows is a popular tourist destination in Pakistan known for its unique attractions.,beach,Spring,plane
Naran,Pakistan,Naran is a popular tourist destination in Pakistan known for its unique attractions.,historical,Spring,train
Skardu,Pakistan,Skardu is a popular tourist destination in Pakistan known for its unique attractions.,beach,All Year,"car, bus, plane"
Hingol National Park,Pakistan,Hingol National Park is a popular tourist destination in Pakistan known for its unique attractions.,adventure,Autumn,bus
Siri Paye,Pakistan,Siri Paye is a popular tourist destination in Pakistan known for its unique attractions.,historical,Winter,"car, bus"
Karachi,Pakistan,Karachi is a popular tourist destination in Pakistan known for its unique attractions.,historical,All Year,bike
Naltar Valley,Pakistan,Naltar Valley is a popular tourist destination in Pakistan known for its unique attractions.,historical,Winter,bike
Khunjerab Pass,Pakistan,Khunjerab Pass is a popular tourist destination in Pakistan known for its unique attractions.,historical,Winter,"bus, plane, train"
Gilgit,Pakistan,Gilgit is a popular tourist destination in Pakistan known for its unique attractions.,beach,All Year,"train, bus"
Taxila,Pakistan,Taxila is a popular tourist destination in Pakistan known for its unique attractions.,city,Summer,"bike, car"
Kaghan,Pakistan,Kaghan is a popular tourist destination in Pakistan known for its unique attractions.,adventure,All Year,car
Kalash Valley,Pakistan,Kalash Valley is a popular tourist destination in Pakistan known for its unique attractions.,city,Winter,bus
Patriata,Pakistan,Patriata is a popular tourist destination in Pakistan known for its unique attractions.,cultural,Summer,"plane, car, bus"
Swat Valley,Pakistan,Swat Valley is a popular tourist destination in Pakistan known for its unique attractions.,city,Autumn,bike
Quetta,Pakistan,Quetta is a popular tourist destination in Pakistan known for its unique attractions.,historical,Summer,"train, bike"
Kalash Valley,Pakistan,Kalash Valley is a popular tourist destination in Pakistan known for its unique attractions.,historical,Summer,"train, plane, car"
Lahore,Pakistan,Lahore is a popular tourist destination in Pakistan known for its unique attractions.,historical,Winter,car
Kaghan,Pakistan,Kaghan is a popular tourist destination in Pakistan known for its unique attractions.,mountain,Autumn,car
Thatta,Pakistan,Thatta is a popular tourist destination in Pakistan known for its unique attractions.,beach,Autumn,"plane, train, bike"
Hanna Lake,Pakistan,Hanna Lake is a popular tourist destination in Pakistan known for its unique attractions.,cultural,All Year,"bike, car"
Fairy Meadows,Pakistan,Fairy Meadows is a popular tourist destination in Pakistan known for its unique attractions.,city,Autumn,bike
Thatta,Pakistan,Thatta is a popular tourist destination in Pakistan known for its unique attractions.,city,All Year,"bike, bus"
Bhurban,Pakistan,Bhurban is a popular tourist destination in Pakistan known for its unique attractions.,mountain,Spring,bus
Ayubia,Pakistan,Ayubia is a popular tourist destination in Pakistan known for its unique attractions.,historical,Winter,"train, car, bus"
Ratti Gali Lake,Pakistan,Ratti Gali Lake is a popular tourist destination in Pakistan known for its unique attractions.,beach,Autumn,bike
Ormara,Pakistan,Ormara is a popular tourist destination in Pakistan known for its unique attractions.,mountain,Autumn,"car, plane, bus"
Muzaffarabad,Pakistan,Muzaffarabad is a popular tourist destination in Pakistan known for its unique attractions.,city,All Year,bike
Makli Necropolis,Pakistan,Makli Necropolis is a popular tourist destination in Pakistan known for its unique attractions.,adventure,Summer,"bus, plane, car"
Ziarat,Pakistan,Ziarat is a popular tourist destination in Pakistan known for its unique attractions.,adventure,Autumn,"bike, car"
Muzaffarabad,Pakistan,Muzaffarabad is a popular tourist destination in Pakistan known for its unique attractions.,mountain,Summer,"plane, train, car"
Fairy Meadows,Pakistan,Fairy Meadows is a popular tourist destination in Pakistan known for its unique attractions.,cultural,Autumn,"train, car"
Khewra Salt Mine,Pakistan,Khewra Salt Mine is a popular tourist destination in Pakistan known for its unique attractions.,adventure,Spring,"bike, train"
Rohtas Fort,Pakistan,Rohtas Fort is a popular tourist destination in Pakistan known for its unique attractions.,historical,Winter,"plane, bike, train"
Karachi,Pakistan,Karachi is a popular tourist destination in Pakistan known for its unique attractions.,mountain,Spring,"train, bus, car"
Kaghan,Pakistan,Kaghan is a popular tourist destination in Pakistan known for its unique attractions.,adventure,Summer,"car, bus"
Kaghan,Pakistan,Kaghan is a popular tourist destination in Pakistan known for its unique attractions.,beach,Autumn,train
Makli Necropolis,Pakistan,Makli Necropolis is a popular tourist destination in Pakistan known for its unique attractions.,beach,Summer,bus
Islamabad,Pakistan,Islamabad is a popular tourist destination in Pakistan known for its unique attractions.,beach,Summer,"plane, bus"
Pasni,Pakistan,Pasni is a popular tourist destination in Pakistan known for its unique attractions.,mountain,Summer,"bike, bus"
Ratti Gali Lake,Pakistan,Ratti Gali Lake is a popular tourist destination in Pakistan known for its unique attractions.,mountain,Spring,bus
Thatta,Pakistan,Thatta is a popular tourist destination in Pakistan known for its unique attractions.,city,Winter,"bike, car, train"
Naltar Valley,Pakistan,Naltar Valley is a popular tourist destination in Pakistan known for its unique attractions.,mountain,Spring,train
Takht-e-Bahi,Pakistan,Takht-e-Bahi is a popular tourist destination in Pakistan known for its unique attractions.,cultural,All Year,"bike, car"
Siri Paye,Pakistan,Siri Paye is a popular tourist destination in Pakistan known for its unique attractions.,beach,Autumn,"plane, bike"
Chitral,Pakistan,Chitral is a popular tourist destination in Pakistan known for its unique attractions.,adventure,All Year,"car, train, bus"
Neelum Valley,Pakistan,Neelum Valley is a popular tourist destination in Pakistan known for its unique attractions.,cultural,Winter,"train, plane"
Gilgit,Pakistan,Gilgit is a popular tourist destination in Pakistan known for its unique attractions.,city,Spring,"car, train"
Ziarat,Pakistan,Ziarat is a popular tourist destination in Pakistan known for its unique attractions.,historical,Winter,plane
Naran,Pakistan,Naran is a popular tourist destination in Pakistan known for its unique attractions.,mountain,Winter,"plane, bus, bike"
Siri Paye,Pakistan,Siri Paye is a popular tourist destination in Pakistan known for its unique attractions.,adventure,Summer,bus
Derawar Fort,Pakistan,Derawar Fort is a popular tourist destination in Pakistan known for its unique attractions.,mountain,Winter,"plane, bus, bike"
Naltar Valley,Pakistan,Naltar Valley is a popular tourist destination in Pakistan known for its unique attractions.,mountain,Winter,bike
Mohenjo-daro,Pakistan,Mohenjo-daro is a popular tourist destination in Pakistan known for its unique attractions.,mountain,Spring,"plane, train, car"
Kaghan,Pakistan,Kaghan is a popular tourist destination in Pakistan known for its unique attractions.,historical,Summer,"plane, bus"
Lahore,Pakistan,Lahore is a popular tourist destination in Pakistan known for its unique attractions.,adventure,All Year,"bus, car"
Lahore,Pakistan,Lahore is a popular tourist destination in Pakistan known for its unique attractions.,mountain,Spring,"bus, plane"
Murree,Pakistan,Murree is a popular tourist destination in Pakistan known for its unique attractions.,beach,Summer,train
Neelum Valley,Pakistan,Neelum Valley is a popular tourist destination in Pakistan known for its unique attractions.,city,Spring,"bus, train"
Murree,Pakistan,Murree is a popular tourist destination in Pakistan known for its unique attractions.,adventure,All Year,plane
Pasni,Pakistan,Pasni is a popular tourist destination in Pakistan known for its unique attractions.,mountain,Autumn,bus
Islamabad,Pakistan,Islamabad is a popular tourist destination in Pakistan known for its unique attractions.,cultural,Autumn,"bus, train, car"
Kumrat Valley,Pakistan,Kumrat Valley is a popular tourist destination in Pakistan known for its unique attractions.,adventure,All Year,"plane, bus"
Hunza Valley,Pakistan,Hunza Valley is a popular tourist destination in Pakistan known for its unique attractions.,historical,Autumn,"plane, bike, car"
Attabad Lake,Pakistan,Attabad Lake is a popular tourist destination in Pakistan known for its unique attractions.,adventure,Autumn,plane
Makli Necropolis,Pakistan,Makli Necropolis is a popular tourist destination in Pakistan known for its unique attractions.,adventure,Summer,"car, plane"
Karachi,Pakistan,Karachi is a popular tourist destination in Pakistan known for its unique attractions.,city,Summer,"plane, car"
Hanna Lake,Pakistan,Hanna Lake is a popular tourist destination in Pakistan known for its unique attractions.,city,All Year,"plane, car, bike"
Ayubia,Pakistan,Ayubia is a popular tourist destination in Pakistan known for its unique attractions.,mountain,All Year,"bus, bike"
Pir Sohawa,Pakistan,"Pir Sohawa is a well-known destination in Pakistan offering cultural, natural, or historical significance.",beach,Spring,"bus, car, train"
Sukkur Barrage,Pakistan,"Sukkur Barrage is a well-known destination in Pakistan offering cultural, natural, or historical significance.",historical,Winter,"plane, car"
Sukkur Barrage,Pakistan,"Sukkur Barrage is a well-known destination in Pakistan offering cultural, natural, or historical significance.",cultural,Summer,"bike, bus, train"
Margalla Hills,Pakistan,"Margalla Hills is a well-known destination in Pakistan offering cultural, natural, or historical significance.",mountain,Winter,car
Deosai Plains,Pakistan,"Deosai Plains is a well-known destination in Pakistan offering cultural, natural, or historical significance.",beach,Summer,bike
Deosai Plains,Pakistan,"Deosai Plains is a well-known destination in Pakistan offering cultural, natural, or historical significance.",beach,Autumn,"train, car"
Jiwani,Pakistan,"Jiwani is a well-known destination in Pakistan offering cultural, natural, or historical significance.",historical,Winter,"bike, bus, car"
Hinglaj Mata Temple,Pakistan,"Hinglaj Mata Temple is a well-known destination in Pakistan offering cultural, natural, or historical significance.",beach,Autumn,"plane, car, bike"
Deosai Plains,Pakistan,"Deosai Plains is a well-known destination in Pakistan offering cultural, natural, or historical significance.",beach,All Year,"bike, car, plane"
Manchar Lake,Pakistan,"Manchar Lake is a well-known destination in Pakistan offering cultural, natural, or historical significance.",historical,Summer,"bus, car"
Kot Diji Fort,Pakistan,"Kot Diji Fort is a well-known destination in Pakistan offering cultural, natural, or historical significance.",cultural,All Year,"car, bus, plane"
Clifton Beach,Pakistan,"Clifton Beach is a well-known destination in Pakistan offering cultural, natural, or historical significance.",city,Summer,bus
Shalimar Gardens,Pakistan,"Shalimar Gardens is a well-known destination in Pakistan offering cultural, natural, or historical significance.",city,All Year,"train, car"
Uch Sharif,Pakistan,"Uch Sharif is a well-known destination in Pakistan offering cultural, natural, or historical significance.",beach,Summer,"train, bus, car"
Pakistan Monument,Pakistan,"Pakistan Monument is a well-known destination in Pakistan offering cultural, natural, or historical significance.",cultural,Winter,"bus, bike"
Katas Raj Temples,Pakistan,"Katas Raj Temples is a well-known destination in Pakistan offering cultural, natural, or historical significance.",city,Spring,plane
Cholistan Desert,Pakistan,"Cholistan Desert is a well-known destination in Pakistan offering cultural, natural, or historical significance.",mountain,Summer,"plane, car"
Kund Malir,Pakistan,"Kund Malir is a well-known destination in Pakistan offering cultural, natural, or historical significance.",city,Autumn,car
Kund Malir,Pakistan,"Kund Malir is a well-known destination in Pakistan offering cultural, natural, or historical significance.",mountain,Spring,bus
Gorakh Hill,Pakistan,"Gorakh Hill is a well-known destination in Pakistan offering cultural, natural, or historical significance.",adventure,Winter,"train, car, plane"
Pakistan Monument,Pakistan,"Pakistan Monument is a well-known destination in Pakistan offering cultural, natural, or historical significance.",beach,Summer,"bus, plane, train"
Kallar Kahar,Pakistan,"Kallar Kahar is a well-known destination in Pakistan offering cultural, natural, or historical significance.",mountain,Winter,"car, plane, train"
Wazir Khan Mosque,Pakistan,"Wazir Khan Mosque is a well-known destination in Pakistan offering cultural, natural, or historical significance.",adventure,Summer,bus
Kallar Kahar,Pakistan,"Kallar Kahar is a well-known destination in Pakistan offering cultural, natural, or historical significance.",cultural,Winter,"car, plane, bike"
Uch Sharif,Pakistan,"Uch Sharif is a well-known destination in Pakistan offering cultural, natural, or historical significance.",beach,Autumn,"train, car"
Pir Sohawa,Pakistan,"Pir Sohawa is a well-known destination in Pakistan offering cultural, natural, or historical significance.",adventure,Spring,train
Baltit Fort,Pakistan,"Baltit Fort is a well-known destination in Pakistan offering cultural, natural, or historical significance.",mountain,Autumn,"bike, train, plane"
Noor Mahal,Pakistan,"Noor Mahal is a well-known destination in Pakistan offering cultural, natural, or historical significance.",city,Autumn,bus
Pir Sohawa,Pakistan,"Pir Sohawa is a well-known destination in Pakistan offering cultural, natural, or historical significance.",historical,Summer,bike
Clifton Beach,Pakistan,"Clifton Beach is a well-known destination in Pakistan offering cultural, natural, or historical significance.",adventure,Spring,car
Ranikot Fort,Pakistan,"Ranikot Fort is a well-known destination in Pakistan offering cultural, natural, or historical significance.",cultural,Spring,car
Manchar Lake,Pakistan,"Manchar Lake is a well-known destination in Pakistan offering cultural, natural, or historical significance.",mountain,Winter,bus
Rama Meadows,Pakistan,"Rama Meadows is a well-known destination in Pakistan offering cultural, natural, or historical significance.",cultural,Winter,"plane, bus"
Noor Mahal,Pakistan,"Noor Mahal is a well-known destination in Pakistan offering cultural, natural, or historical significance.",adventure,Winter,"car, plane"
Manora Island,Pakistan,"Manora Island is a well-known destination in Pakistan offering cultural, natural, or historical significance.",beach,Summer,"train, car, plane"
Haleji Lake,Pakistan,"Haleji Lake is a well-known destination in Pakistan offering cultural, natural, or historical significance.",beach,Spring,car
Shalimar Gardens,Pakistan,"Shalimar Gardens is a well-known destination in Pakistan offering cultural, natural, or historical significance.",historical,Summer,"train, bus, plane"
Ranikot Fort,Pakistan,"Ranikot Fort is a well-known destination in Pakistan offering cultural, natural, or historical significance.",cultural,Spring,train
Kallar Kahar,Pakistan,"Kallar Kahar is a well-known destination in Pakistan offering cultural, natural, or historical significance.",adventure,Spring,"bus, train"
Hinglaj Mata Temple,Pakistan,"Hinglaj Mata Temple is a well-known destination in Pakistan offering cultural, natural, or historical significance.",historical,Spring,"train, bike"
Wazir Khan Mosque,Pakistan,"Wazir Khan Mosque is a well-known destination in Pakistan offering cultural, natural, or historical significance.",beach,Winter,"plane, bus, bike"
Lok Virsa Museum,Pakistan,"Lok Virsa Museum is a well-known destination in Pakistan offering cultural, natural, or historical significance.",city,Autumn,bus
Lal Suhanra National Park,Pakistan,"Lal Suhanra National Park is a well-known destination in Pakistan offering cultural, natural, or historical significance.",cultural,Spring,bus
Astola Island,Pakistan,"Astola Island is a well-known destination in Pakistan offering cultural, natural, or historical significance.",cultural,All Year,bike
Hinglaj Mata Temple,Pakistan,"Hinglaj Mata Temple is a well-known destination in Pakistan offering cultural, natural, or historical significance.",beach,All Year,"bike, car, bus"
Cholistan Desert,Pakistan,"Cholistan Desert is a well-known destination in Pakistan offering cultural, natural, or historical significance.",historical,Autumn,bus
Astore Valley,Pakistan,"Astore Valley is a well-known destination in Pakistan offering cultural, natural, or historical significance.",beach,Winter,plane
Rama Meadows,Pakistan,"Rama Meadows is a well-known destination in Pakistan offering cultural, natural, or historical significance.",beach,All Year,"bus, bike, car"
Hiran Minar,Pakistan,"Hiran Minar is a well-known destination in Pakistan offering cultural, natural, or historical significance.",mountain,Spring,bus
Harappa,Pakistan,"Harappa is a well-known destination in Pakistan offering cultural, natural, or historical significance.",cultural,Autumn,train
Lok Virsa Museum,Pakistan,"Lok Virsa Museum is a well-known destination in Pakistan offering cultural, natural, or historical significance.",adventure,Spring,"bus, bike, train"
Pakistan Monument,Pakistan,"Pakistan Monument is a well-known destination in Pakistan offering cultural, natural, or historical significance.",mountain,Winter,car
Pakistan Monument,Pakistan,"Pakistan Monument is a well-known destination in Pakistan offering cultural, natural, or historical significance.",historical,Winter,"car, train"
Soon Valley,Pakistan,"Soon Valley is a well-known destination in Pakistan offering cultural, natural, or historical significance.",beach,Winter,"bus, bike, car"
Faisal Mosque,Pakistan,"Faisal Mosque is a well-known destination in Pakistan offering cultural, natural, or historical significance.",adventure,Summer,train
Altit Fort,Pakistan,"Altit Fort is a well-known destination in Pakistan offering cultural, natural, or historical significance.",city,All Year,"plane, bus"
Kot Diji Fort,Pakistan,"Kot Diji Fort is a well-known destination in Pakistan offering cultural, natural, or historical significance.",historical,Winter,"bus, bike"
Cholistan Desert,Pakistan,"Cholistan Desert is a well-known destination in Pakistan offering cultural, natural, or historical significance.",adventure,Winter,"car, plane, bus"
Margalla Hills,Pakistan,"Margalla Hills is a well-known destination in Pakistan offering cultural, natural, or historical significance.",adventure,Summer,"train, bus"
Uch Sharif,Pakistan,"Uch Sharif is a well-known destination in Pakistan offering cultural, natural, or historical significance.",city,Winter,"train, plane"
Ranikot Fort,Pakistan,"Ranikot Fort is a well-known destination in Pakistan offering cultural, natural, or historical significance.",historical,Summer,"bus, train"
Faisal Mosque,Pakistan,"Faisal Mosque is a well-known destination in Pakistan offering cultural, natural, or historical significance.",adventure,Spring,"car, bike, bus"
Altit Fort,Pakistan,"Altit Fort is a well-known destination in Pakistan offering cultural, natural, or historical significance.",mountain,Winter,"train, plane"
Lal Suhanra National Park,Pakistan,"Lal Suhanra National Park is a well-known destination in Pakistan offering cultural, natural, or historical significance.",cultural,Spring,train
Taunsa Barrage,Pakistan,"Taunsa Barrage is a well-known destination in Pakistan offering cultural, natural, or historical significance.",cultural,Spring,"bike, plane, bus"
Jiwani,Pakistan,"Jiwani is a well-known destination in Pakistan offering cultural, natural, or historical significance.",adventure,Summer,"plane, car"
Deosai Plains,Pakistan,"Deosai Plains is a well-known destination in Pakistan offering cultural, natural, or historical significance.",city,All Year,train
Hiran Minar,Pakistan,"Hiran Minar is a well-known destination in Pakistan offering cultural, natural, or historical significance.",city,Summer,"bus, train, car"
Gorakh Hill,Pakistan,"Gorakh Hill is a well-known destination in Pakistan offering cultural, natural, or historical significance.",mountain,All Year,"bike, train"
Baltit Fort,Pakistan,"Baltit Fort is a well-known destination in Pakistan offering cultural, natural, or historical significance.",adventure,Spring,train
Shalimar Gardens,Pakistan,"Shalimar Gardens is a well-known destination in Pakistan offering cultural, natural, or historical significance.",adventure,Autumn,"car, bike, plane"
Shandur Pass,Pakistan,"Shandur Pass is a well-known destination in Pakistan offering cultural, natural, or historical significance.",city,Winter,"bike, car"
Faisal Mosque,Pakistan,"Faisal Mosque is a well-known destination in Pakistan offering cultural, natural, or historical significance.",adventure,Autumn,"car, train, bike"
Deosai Plains,Pakistan,"Deosai Plains is a well-known destination in Pakistan offering cultural, natural, or historical significance.",beach,All Year,"car, train"
Harappa,Pakistan,"Harappa is a well-known destination in Pakistan offering cultural, natural, or historical significance.",beach,Autumn,"bike, bus"
Hiran Minar,Pakistan,"Hiran Minar is a well-known destination in Pakistan offering cultural, natural, or historical significance.",cultural,Summer,"plane, car, bike"
Baltit Fort,Pakistan,"Baltit Fort is a well-known destination in Pakistan offering cultural, natural, or historical significance.",adventure,Autumn,plane
Soon Valley,Pakistan,"Soon Valley is a well-known destination in Pakistan offering cultural, natural, or historical significance.",cultural,All Year,"bus, car"
Rama Meadows,Pakistan,"Rama Meadows is a well-known destination in Pakistan offering cultural, natural, or historical significance.",city,Summer,"bike, bus, plane"
Soon Valley,Pakistan,"Soon Valley is a well-known destination in Pakistan offering cultural, natural, or historical significance.",mountain,Spring,"bike, car, bus"
Shandur Pass,Pakistan,"Shandur Pass is a well-known destination in Pakistan offering cultural, natural, or historical significance.",cultural,Winter,car
Baltit Fort,Pakistan,"Baltit Fort is a well-known destination in Pakistan offering cultural, natural, or historical significance.",historical,Spring,"train, bus"
Altit Fort,Pakistan,"Altit Fort is a well-known destination in Pakistan offering cultural, natural, or historical significance.",mountain,Winter,train
Margalla Hills,Pakistan,"Margalla Hills is a well-known destination in Pakistan offering cultural, natural, or historical significance.",mountain,Spring,"plane, bike, car"
Noor Mahal,Pakistan,"Noor Mahal is a well-known destination in Pakistan offering cultural, natural, or historical significance.",historical,Summer,"plane, car"
Soon Valley,Pakistan,"Soon Valley is a well-known destination in Pakistan offering cultural, natural, or historical significance.",city,Autumn,"train, bike, plane"
Sukkur Barrage,Pakistan,"Sukkur Barrage is a well-known destination in Pakistan offering cultural, natural, or historical significance.",mountain,Spring,"bus, bike"
Manchar Lake,Pakistan,"Manchar Lake is a well-known destination in Pakistan offering cultural, natural, or historical significance.",beach,Autumn,train
Shandur Pass,Pakistan,"Shandur Pass is a well-known destination in Pakistan offering cultural, natural, or historical significance.",beach,Spring,bike
Manora Island,Pakistan,"Manora Island is a well-known destination in Pakistan offering cultural, natural, or historical significance.",cultural,Winter,"bus, bike"
Clifton Beach,Pakistan,"Clifton Beach is a well-known destination in Pakistan offering cultural, natural, or historical significance.",city,Autumn,"bike, plane"
Faisal Mosque,Pakistan,"Faisal Mosque is a well-known destination in Pakistan offering cultural, natural, or historical significance.",cultural,Summer,train
Rama Meadows,Pakistan,"Rama Meadows is a well-known destination in Pakistan offering cultural, natural, or historical significance.",adventure,Spring,"car, train"
Sukkur Barrage,Pakistan,"Sukkur Barrage is a well-known destination in Pakistan offering cultural, natural, or historical significance.",beach,Autumn,"plane, train, car"
Pir Sohawa,Pakistan,"Pir Sohawa is a well-known destination in Pakistan offering cultural, natural, or historical significance.",beach,Autumn,"plane, bike, train"
Baltit Fort,Pakistan,"Baltit Fort is a well-known destination in Pakistan offering cultural, natural, or historical significance.",beach,Winter,bike
Manora Island,Pakistan,"Manora Island is a well-known destination in Pakistan offering cultural, natural, or historical significance.",adventure,All Year,"bus, bike"
Haleji Lake,Pakistan,"Haleji Lake is a well-known destination in Pakistan offering cultural, natural, or historical significance.",beach,Winter,bus
Pakistan Monument,Pakistan,"Pakistan Monument is a well-known destination in Pakistan offering cultural, natural, or historical significance.",city,Autumn,"train, car"
Hinglaj Mata Temple,Pakistan,"Hinglaj Mata Temple is a well-known destination in Pakistan offering cultural, natural, or historical significance.",mountain,Winter,"bike, plane, bus"
Manchar Lake,Pakistan,"Manchar Lake is a well-known destination in Pakistan offering cultural, natural, or historical significance.",mountain,Winter,"bike, plane"
Manchar Lake,Pakistan,"Manchar Lake is a well-known destination in Pakistan offering cultural, natural, or historical significance.",beach,Autumn,"bike, car, bus"
Deosai Plains,Pakistan,"Deosai Plains is a well-known destination in Pakistan offering cultural, natural, or historical significance.",historical,Summer,train
Rama Meadows,Pakistan,"Rama Meadows is a well-known destination in Pakistan offering cultural, natural, or historical significance.",cultural,Summer,train
Astola Island,Pakistan,"Astola Island is a well-known destination in Pakistan offering cultural, natural, or historical significance.",city,All Year,car
Keenjhar Lake,Pakistan,"Keenjhar Lake is a well-known destination in Pakistan offering cultural, natural, or historical significance.",cultural,Winter,bus
Lok Virsa Museum,Pakistan,"Lok Virsa Museum is a well-known destination in Pakistan offering cultural, natural, or historical significance.",beach,Spring,train
Shalimar Gardens,Pakistan,"Shalimar Gardens is a well-known destination in Pakistan offering cultural, natural, or historical significance.",city,Spring,"plane, bike, train"
Badshahi Mosque,Pakistan,"Badshahi Mosque is a well-known destination in Pakistan offering cultural, natural, or historical significance.",city,Spring,"bike, train, bus"
Margalla Hills,Pakistan,"Margalla Hills is a well-known destination in Pakistan offering cultural, natural, or historical significance.",mountain,Autumn,bike
Gorakh Hill,Pakistan,"Gorakh Hill is a well-known destination in Pakistan offering cultural, natural, or historical significance.",city,Autumn,"bus, plane, car"
Gorakh Hill,Pakistan,"Gorakh Hill is a well-known destination in Pakistan offering cultural, natural, or historical significance.",cultural,Summer,"car, bus, bike"
Hiran Minar,Pakistan,"Hiran Minar is a well-known destination in Pakistan offering cultural, natural, or historical significance.",historical,Summer,"bus, plane, car"
Gorakh Hill,Pakistan,"Gorakh Hill is a well-known destination in Pakistan offering cultural, natural, or historical significance.",cultural,Spring,bike
Lal Suhanra National Park,Pakistan,"Lal Suhanra National Park is a well-known destination in Pakistan offering cultural, natural, or historical significance.",historical,Spring,plane
Shandur Pass,Pakistan,"Shandur Pass is a well-known destination in Pakistan offering cultural, natural, or historical significance.",beach,Autumn,"car, bus, train"
Kallar Kahar,Pakistan,"Kallar Kahar is a well-known destination in Pakistan offering cultural, natural, or historical significance.",city,Winter,bus
Kallar Kahar,Pakistan,"Kallar Kahar is a well-known destination in Pakistan offering cultural, natural, or historical significance.",historical,Autumn,"bike, train"
Clifton Beach,Pakistan,"Clifton Beach is a well-known destination in Pakistan offering cultural, natural, or historical significance.",historical,Autumn,"plane, train"
Katas Raj Temples,Pakistan,"Katas Raj Temples is a well-known destination in Pakistan offering cultural, natural, or historical significance.",adventure,Winter,"plane, bike"
Harappa,Pakistan,"Harappa is a well-known destination in Pakistan offering cultural, natural, or historical significance.",beach,Autumn,"train, plane, bike"
Kallar Kahar,Pakistan,"Kallar Kahar is a well-known destination in Pakistan offering cultural, natural, or historical significance.",beach,Winter,"plane, train, car"
Taunsa Barrage,Pakistan,"Taunsa Barrage is a well-known destination in Pakistan offering cultural, natural, or historical significance.",historical,Autumn,"bus, car, bike"
Lal Suhanra National Park,Pakistan,"Lal Suhanra National Park is a well-known destination in Pakistan offering cultural, natural, or historical significance.",cultural,Summer,"bus, plane, bike"
Hiran Minar,Pakistan,"Hiran Minar is a well-known destination in Pakistan offering cultural, natural, or historical significance.",adventure,Winter,"plane, train"
Baltit Fort,Pakistan,"Baltit Fort is a well-known destination in Pakistan offering cultural, natural, or historical significance.",mountain,Winter,"car, plane"
Deosai Plains,Pakistan,"Deosai Plains is a well-known destination in Pakistan offering cultural, natural, or historical significance.",beach,Summer,plane
Kot Diji Fort,Pakistan,"Kot Diji Fort is a well-known destination in Pakistan offering cultural, natural, or historical significance.",mountain,Spring,"plane, bus, bike"
Keenjhar Lake,Pakistan,"Keenjhar Lake is a well-known destination in Pakistan offering cultural, natural, or historical significance.",beach,Autumn,"car, train, plane"
Faisal Mosque,Pakistan,"Faisal Mosque is a well-known destination in Pakistan offering cultural, natural, or historical significance.",historical,Autumn,"train, bus"
Lok Virsa Museum,Pakistan,"Lok Virsa Museum is a well-known destination in Pakistan offering cultural, natural, or historical significance.",beach,Winter,"car, bus, bike"
Faisal Mosque,Pakistan,"Faisal Mosque is a well-known destination in Pakistan offering cultural, natural, or historical significance.",adventure,Winter,bus
Gorakh Hill,Pakistan,"Gorakh Hill is a well-known destination in Pakistan offering cultural, natural, or historical significance.",adventure,Summer,"bike, bus"
Harappa,Pakistan,"Harappa is a well-known destination in Pakistan offering cultural, natural, or historical significance.",cultural,Autumn,"bike, plane"
Kot Diji Fort,Pakistan,"Kot Diji Fort is a well-known destination in Pakistan offering cultural, natural, or historical significance.",mountain,Autumn,plane
Faisal Mosque,Pakistan,"Faisal Mosque is a well-known destination in Pakistan offering cultural, natural, or historical significance.",mountain,Spring,"train, bike, car"
Manchar Lake,Pakistan,"Manchar Lake is a well-known destination in Pakistan offering cultural, natural, or historical significance.",mountain,Summer,plane
Faisal Mosque,Pakistan,"Faisal Mosque is a well-known destination in Pakistan offering cultural, natural, or historical significance.",city,Winter,"plane, bus, car"
Kallar Kahar,Pakistan,"Kallar Kahar is a well-known destination in Pakistan offering cultural, natural, or historical significance.",beach,Summer,bike
Shandur Pass,Pakistan,"Shandur Pass is a well-known destination in Pakistan offering cultural, natural, or historical significance.",historical,Summer,"bus, car, bike"
Lal Suhanra National Park,Pakistan,"Lal Suhanra National Park is a well-known destination in Pakistan offering cultural, natural, or historical significance.",historical,Autumn,plane
Lal Suhanra National Park,Pakistan,"Lal Suhanra National Park is a well-known destination in Pakistan offering cultural, natural, or historical significance.",beach,All Year,"car, train"
Margalla Hills,Pakistan,"Margalla Hills is a well-known destination in Pakistan offering cultural, natural, or historical significance.",cultural,Winter,"train, plane, car"
Soon Valley,Pakistan,"Soon Valley is a well-known destination in Pakistan offering cultural, natural, or historical significance.",adventure,Autumn,train
Astore Valley,Pakistan,"Astore Valley is a well-known destination in Pakistan offering cultural, natural, or historical significance.",cultural,Winter,car
Baltit Fort,Pakistan,"Baltit Fort is a well-known destination in Pakistan offering cultural, natural, or historical significance.",adventure,Winter,"car, bus, train"
Badshahi Mosque,Pakistan,"Badshahi Mosque is a well-known destination in Pakistan offering cultural, natural, or historical significance.",beach,Spring,"bike, plane"
Rawal Lake,Pakistan,"Rawal Lake is a well-known destination in Pakistan offering cultural, natural, or historical significance.",historical,All Year,"plane, bus, train"
Manchar Lake,Pakistan,"Manchar Lake is a well-known destination in Pakistan offering cultural, natural, or historical significance.",adventure,Spring,bus
Uch Sharif,Pakistan,"Uch Sharif is a well-known destination in Pakistan offering cultural, natural, or historical significance.",city,Autumn,"plane, bike"
Rawal Lake,Pakistan,"Rawal Lake is a well-known destination in Pakistan offering cultural, natural, or historical significance.",mountain,Spring,"train, car, bike"
Wazir Khan Mosque,Pakistan,"Wazir Khan Mosque is a well-known destination in Pakistan offering cultural, natural, or historical significance.",beach,Autumn,"plane, train"
Pir Sohawa,Pakistan,"Pir Sohawa is a well-known destination in Pakistan offering cultural, natural, or historical significance.",cultural,Summer,"bike, car, bus"
Pakistan Monument,Pakistan,"Pakistan Monument is a well-known destination in Pakistan offering cultural, natural, or historical significance.",city,Winter,"train, plane"
Clifton Beach,Pakistan,"Clifton Beach is a well-known destination in Pakistan offering cultural, natural, or historical significance.",cultural,Summer,"plane, car, train"
Soon Valley,Pakistan,"Soon Valley is a well-known destination in Pakistan offering cultural, natural, or historical significance.",adventure,Winter,bus
Gorakh Hill,Pakistan,"Gorakh Hill is a well-known destination in Pakistan offering cultural, natural, or historical significance.",cultural,Summer,"car, plane, train"
Manchar Lake,Pakistan,"Manchar Lake is a well-known destination in Pakistan offering cultural, natural, or historical significance.",adventure,Autumn,"bus, bike, train"
Sukkur Barrage,Pakistan,"Sukkur Barrage is a well-known destination in Pakistan offering cultural, natural, or historical significance.",city,All Year,"train, plane"
Astore Valley,Pakistan,"Astore Valley is a well-known destination in Pakistan offering cultural, natural, or historical significance.",cultural,Summer,plane
Keenjhar Lake,Pakistan,"Keenjhar Lake is a well-known destination in Pakistan offering cultural, natural, or historical significance.",cultural,All Year,"bus, car"
Ranikot Fort,Pakistan,"Ranikot Fort is a well-known destination in Pakistan offering cultural, natural, or historical significance.",adventure,Winter,"train, car, plane"
Lok Virsa Museum,Pakistan,"Lok Virsa Museum is a well-known destination in Pakistan offering cultural, natural, or historical significance.",city,Autumn,bike
Manchar Lake,Pakistan,"Manchar Lake is a well-known destination in Pakistan offering cultural, natural, or historical significance.",mountain,All Year,"bike, train"
Keenjhar Lake,Pakistan,"Keenjhar Lake is a well-known destination in Pakistan offering cultural, natural, or historical significance.",historical,Spring,bus
Rama Meadows,Pakistan,"Rama Meadows is a well-known destination in Pakistan offering cultural, natural, or historical significance.",city,Summer,"plane, bike, bus"
Pir Sohawa,Pakistan,"Pir Sohawa is a well-known destination in Pakistan offering cultural, natural, or historical significance.",city,Summer,"plane, bus, bike"
Wazir Khan Mosque,Pakistan,"Wazir Khan Mosque is a well-known destination in Pakistan offering cultural, natural, or historical significance.",city,Winter,"train, car"
Rawal Lake,Pakistan,"Rawal Lake is a well-known destination in Pakistan offering cultural, natural, or historical significance.",city,All Year,"plane, car, train"
Pakistan Monument,Pakistan,"Pakistan Monument is a well-known destination in Pakistan offering cultural, natural, or historical significance.",mountain,Autumn,"car, train"
Kot Diji Fort,Pakistan,"Kot Diji Fort is a well-known destination in Pakistan offering cultural, natural, or historical significance.",beach,Winter,"bus, car"
Soon Valley,Pakistan,"Soon Valley is a well-known destination in Pakistan offering cultural, natural, or historical significance.",beach,Autumn,car
Pakistan Monument,Pakistan,"Pakistan Monument is a well-known destination in Pakistan offering cultural, natural, or historical significance.",cultural,Autumn,"train, plane"
Pir Sohawa,Pakistan,"Pir Sohawa is a well-known destination in Pakistan offering cultural, natural, or historical significance.",historical,Spring,"train, car, bike"
Rawal Lake,Pakistan,"Rawal Lake is a well-known destination in Pakistan offering cultural, natural, or historical significance.",cultural,Summer,"plane, car"
Pakistan Monument,Pakistan,"Pakistan Monument is a well-known destination in Pakistan offering cultural, natural, or historical significance.",historical,All Year,"bus, car"
Uch Sharif,Pakistan,"Uch Sharif is a well-known destination in Pakistan offering cultural, natural, or historical significance.",cultural,Winter,"train, plane"
Shandur Pass,Pakistan,"Shandur Pass is a well-known destination in Pakistan offering cultural, natural, or historical significance.",mountain,Autumn,plane
Astore Valley,Pakistan,"Astore Valley is a well-known destination in Pakistan offering cultural, natural, or historical significance.",city,All Year,"train, bus"
Rawal Lake,Pakistan,"Rawal Lake is a well-known destination in Pakistan offering cultural, natural, or historical significance.",mountain,All Year,plane
Shandur Pass,Pakistan,"Shandur Pass is a well-known destination in Pakistan offering cultural, natural, or historical significance.",mountain,Summer,"bus, car, plane"
Uch Sharif,Pakistan,"Uch Sharif is a well-known destination in Pakistan offering cultural, natural, or historical significance.",cultural,Winter,bike
Katas Raj Temples,Pakistan,"Katas Raj Temples is a well-known destination in Pakistan offering cultural, natural, or historical significance.",mountain,Summer,"car, plane"
Cholistan Desert,Pakistan,"Cholistan Desert is a well-known destination in Pakistan offering cultural, natural, or historical significance.",beach,Summer,"car, bus"
Lal Suhanra National Park,Pakistan,"Lal Suhanra National Park is a well-known destination in Pakistan offering cultural, natural, or historical significance.",city,Winter,"plane, car, bus"
Hiran Minar,Pakistan,"Hiran Minar is a well-known destination in Pakistan offering cultural, natural, or historical significance.",city,Winter,"bus, train"
Jiwani,Pakistan,"Jiwani is a well-known destination in Pakistan offering cultural, natural, or historical significance.",mountain,All Year,"plane, bus"
Deosai Plains,Pakistan,"Deosai Plains is a well-known destination in Pakistan offering cultural, natural, or historical significance.",cultural,Winter,"plane, train"
Katas Raj Temples,Pakistan,"Katas Raj Temples is a well-known destination in Pakistan offering cultural, natural, or historical significance.",beach,Autumn,plane
Pakistan Monument,Pakistan,"Pakistan Monument is a well-known destination in Pakistan offering cultural, natural, or historical significance.",historical,Winter,bus
Astola Island,Pakistan,"Astola Island is a well-known destination in Pakistan offering cultural, natural, or historical significance.",mountain,Spring,car
Soon Valley,Pakistan,"Soon Valley is a well-known destination in Pakistan offering cultural, natural, or historical significance.",historical,Spring,car
Sukkur Barrage,Pakistan,"Sukkur Barrage is a well-known destination in Pakistan offering cultural, natural, or historical significance.",city,Autumn,"train, bus"
Kot Diji Fort,Pakistan,"Kot Diji Fort is a well-known destination in Pakistan offering cultural, natural, or historical significance.",mountain,Spring,train
Wazir Khan Mosque,Pakistan,"Wazir Khan Mosque is a well-known destination in Pakistan offering cultural, natural, or historical significance.",beach,All Year,bus
Jiwani,Pakistan,"Jiwani is a well-known destination in Pakistan offering cultural, natural, or historical significance.",historical,All Year,"train, car"
Shalimar Gardens,Pakistan,"Shalimar Gardens is a well-known destination in Pakistan offering cultural, natural, or historical significance.",adventure,All Year,"bike, bus, train"
Cholistan Desert,Pakistan,"Cholistan Desert is a well-known destination in Pakistan offering cultural, natural, or historical significance.",city,Summer,"bike, train"
Pakistan Monument,Pakistan,"Pakistan Monument is a well-known destination in Pakistan offering cultural, natural, or historical significance.",cultural,Autumn,"plane, car"
Rawal Lake,Pakistan,"Rawal Lake is a well-known destination in Pakistan offering cultural, natural, or historical significance.",historical,All Year,plane
Upper Kachura Lake,Pakistan,Upper Kachura Lake is a notable tourist destination in Pakistan with natural beauty or historical value.,historical,Spring,"car, train"
Sapat Beach,Pakistan,Sapat Beach is a notable tourist destination in Pakistan with natural beauty or historical value.,cultural,Spring,bus
Sibi,Pakistan,Sibi is a notable tourist destination in Pakistan with natural beauty or historical value.,cultural,Summer,"car, bus, bike"
Moola Chotok,Pakistan,Moola Chotok is a notable tourist destination in Pakistan with natural beauty or historical value.,beach,All Year,bus
Karambar Lake,Pakistan,Karambar Lake is a notable tourist destination in Pakistan with natural beauty or historical value.,cultural,Winter,"train, bike"
Chachro,Pakistan,Chachro is a notable tourist destination in Pakistan with natural beauty or historical value.,cultural,All Year,"train, plane, bus"
Khaplu Palace,Pakistan,Khaplu Palace is a notable tourist destination in Pakistan with natural beauty or historical value.,beach,Winter,"plane, car"
Cape Monze,Pakistan,Cape Monze is a notable tourist destination in Pakistan with natural beauty or historical value.,cultural,Autumn,"bike, train, car"
Uthal,Pakistan,Uthal is a notable tourist destination in Pakistan with natural beauty or historical value.,mountain,Autumn,"car, train"
Nathiagali,Pakistan,Nathiagali is a notable tourist destination in Pakistan with natural beauty or historical value.,cultural,Autumn,"plane, bike, bus"
Ramapir Temple,Pakistan,Ramapir Temple is a notable tourist destination in Pakistan with natural beauty or historical value.,mountain,Summer,"plane, bike, car"
Bolan Pass,Pakistan,Bolan Pass is a notable tourist destination in Pakistan with natural beauty or historical value.,mountain,Spring,car
Lower Kachura Lake,Pakistan,Lower Kachura Lake is a notable tourist destination in Pakistan with natural beauty or historical value.,beach,All Year,"train, plane"
Sibi,Pakistan,Sibi is a notable tourist destination in Pakistan with natural beauty or historical value.,cultural,Winter,"bus, plane"
Paniala,Pakistan,Paniala is a notable tourist destination in Pakistan with natural beauty or historical value.,adventure,Autumn,"train, bike, car"
Kundian,Pakistan,Kundian is a notable tourist destination in Pakistan with natural beauty or historical value.,cultural,Summer,"bus, plane, train"
Haripur,Pakistan,Haripur is a notable tourist destination in Pakistan with natural beauty or historical value.,city,Summer,"car, train, bus"
Uthal,Pakistan,Uthal is a notable tourist destination in Pakistan with natural beauty or historical value.,mountain,All Year,plane
Islamkot,Pakistan,Islamkot is a notable tourist destination in Pakistan with natural beauty or historical value.,adventure,Autumn,"train, plane"
Jand,Pakistan,Jand is a notable tourist destination in Pakistan with natural beauty or historical value.,adventure,Autumn,plane
Nagarparkar,Pakistan,Nagarparkar is a notable tourist destination in Pakistan with natural beauty or historical value.,city,Autumn,"plane, train"
Islamkot,Pakistan,Islamkot is a notable tourist destination in Pakistan with natural beauty or historical value.,mountain,All Year,"car, plane"
Haripur,Pakistan,Haripur is a notable tourist destination in Pakistan with natural beauty or historical value.,beach,All Year,"plane, car"
Abbottabad,Pakistan,Abbottabad is a notable tourist destination in Pakistan with natural beauty or historical value.,cultural,Spring,"bus, train"
Khaplu Palace,Pakistan,Khaplu Palace is a notable tourist destination in Pakistan with natural beauty or historical value.,mountain,Spring,"car, train, plane"
Abbottabad,Pakistan,Abbottabad is a notable tourist destination in Pakistan with natural beauty or historical value.,adventure,Summer,plane
Derawar Mosque,Pakistan,Derawar Mosque is a notable tourist destination in Pakistan with natural beauty or historical value.,adventure,Spring,"train, plane, bus"
Nagarparkar,Pakistan,Nagarparkar is a notable tourist destination in Pakistan with natural beauty or historical value.,adventure,Spring,"train, bike"
Nagarparkar,Pakistan,Nagarparkar is a notable tourist destination in Pakistan with natural beauty or historical value.,cultural,Winter,"car, bus"
Dunga Gali,Pakistan,Dunga Gali is a notable tourist destination in Pakistan with natural beauty or historical value.,cultural,All Year,bus
Khaplu Palace,Pakistan,Khaplu Palace is a notable tourist destination in Pakistan with natural beauty or historical value.,adventure,Spring,"car, bike"
Satpara Lake,Pakistan,Satpara Lake is a notable tourist destination in Pakistan with natural beauty or historical value.,cultural,Autumn,train
Lasbela,Pakistan,Lasbela is a notable tourist destination in Pakistan with natural beauty or historical value.,historical,Winter,"car, plane"
Phander Valley,Pakistan,Phander Valley is a notable tourist destination in Pakistan with natural beauty or historical value.,adventure,Winter,"train, plane"
Gupis Valley,Pakistan,Gupis Valley is a notable tourist destination in Pakistan with natural beauty or historical value.,historical,All Year,"plane, car"
Ramapir Temple,Pakistan,Ramapir Temple is a notable tourist destination in Pakistan with natural beauty or historical value.,beach,Spring,plane
Mianwali,Pakistan,Mianwali is a notable tourist destination in Pakistan with natural beauty or historical value.,city,Autumn,"bike, car"
Nagarparkar,Pakistan,Nagarparkar is a notable tourist destination in Pakistan with natural beauty or historical value.,city,Winter,"bike, bus, plane"
Islamkot,Pakistan,Islamkot is a notable tourist destination in Pakistan with natural beauty or historical value.,adventure,Autumn,"bus, plane"
Thar Desert,Pakistan,Thar Desert is a notable tourist destination in Pakistan with natural beauty or historical value.,adventure,Autumn,bus
Bolan Pass,Pakistan,Bolan Pass is a notable tourist destination in Pakistan with natural beauty or historical value.,historical,Summer,"plane, bus, bike"
Dunga Gali,Pakistan,Dunga Gali is a notable tourist destination in Pakistan with natural beauty or historical value.,cultural,Winter,"train, bus, bike"
Nathiagali,Pakistan,Nathiagali is a notable tourist destination in Pakistan with natural beauty or historical value.,historical,Winter,"bus, bike, train"
Phander Valley,Pakistan,Phander Valley is a notable tourist destination in Pakistan with natural beauty or historical value.,mountain,All Year,"bus, train, plane"
Nagarparkar,Pakistan,Nagarparkar is a notable tourist destination in Pakistan with natural beauty or historical value.,historical,Spring,"plane, bike"
Jand,Pakistan,Jand is a notable tourist destination in Pakistan with natural beauty or historical value.,beach,Summer,"car, bike, bus"
Lower Kachura Lake,Pakistan,Lower Kachura Lake is a notable tourist destination in Pakistan with natural beauty or historical value.,city,Winter,car
Bolan Pass,Pakistan,Bolan Pass is a notable tourist destination in Pakistan with natural beauty or historical value.,beach,Summer,"bike, plane"
Thar Desert,Pakistan,Thar Desert is a notable tourist destination in Pakistan with natural beauty or historical value.,historical,Spring,bus
Paniala,Pakistan,Paniala is a notable tourist destination in Pakistan with natural beauty or historical value.,cultural,Autumn,train
Islamkot,Pakistan,Islamkot is a notable tourist destination in Pakistan with natural beauty or historical value.,beach,Autumn,plane
Khaplu Palace,Pakistan,Khaplu Palace is a notable tourist destination in Pakistan with natural beauty or historical value.,city,Winter,"train, bike"
Derawar Mosque,Pakistan,Derawar Mosque is a notable tourist destination in Pakistan with natural beauty or historical value.,cultural,Summer,"bike, bus"
Zhob Valley,Pakistan,Zhob Valley is a notable tourist destination in Pakistan with natural beauty or historical value.,mountain,Spring,"car, bus, bike"
Nagarparkar,Pakistan,Nagarparkar is a notable tourist destination in Pakistan with natural beauty or historical value.,mountain,Autumn,"plane, bike"
Karakoram Highway,Pakistan,Karakoram Highway is a notable tourist destination in Pakistan with natural beauty or historical value.,cultural,Summer,"car, plane, train"
Karambar Lake,Pakistan,Karambar Lake is a notable tourist destination in Pakistan with natural beauty or historical value.,cultural,Summer,"bike, train"
French Beach,Pakistan,French Beach is a notable tourist destination in Pakistan with natural beauty or historical value.,city,Summer,bus
Sibi,Pakistan,Sibi is a notable tourist destination in Pakistan with natural beauty or historical value.,city,Summer,"bus, plane"
Abbottabad,Pakistan,Abbottabad is a notable tourist destination in Pakistan with natural beauty or historical value.,mountain,All Year,plane
Dunga Gali,Pakistan,Dunga Gali is a notable tourist destination in Pakistan with natural beauty or historical value.,cultural,Autumn,"bus, plane"
Haripur,Pakistan,Haripur is a notable tourist destination in Pakistan with natural beauty or historical value.,mountain,Summer,"bus, car"
Moola Chotok,Pakistan,Moola Chotok is a notable tourist destination in Pakistan with natural beauty or historical value.,city,Autumn,plane
Abbottabad,Pakistan,Abbottabad is a notable tourist destination in Pakistan with natural beauty or historical value.,cultural,Spring,"bike, plane"
Sapat Beach,Pakistan,Sapat Beach is a notable tourist destination in Pakistan with natural beauty or historical value.,beach,Summer,"car, train, bus"
Mianwali,Pakistan,Mianwali is a notable tourist destination in Pakistan with natural beauty or historical value.,beach,Winter,"bike, train, plane"
Derawar Mosque,Pakistan,Derawar Mosque is a notable tourist destination in Pakistan with natural beauty or historical value.,city,Summer,car
Phander Valley,Pakistan,Phander Valley is a notable tourist destination in Pakistan with natural beauty or historical value.,historical,Spring,"train, bike"
Ramapir Temple,Pakistan,Ramapir Temple is a notable tourist destination in Pakistan with natural beauty or historical value.,adventure,Winter,train
Zhob Valley,Pakistan,Zhob Valley is a notable tourist destination in Pakistan with natural beauty or historical value.,city,All Year,"train, plane, car"
Kundian,Pakistan,Kundian is a notable tourist destination in Pakistan with natural beauty or historical value.,mountain,Winter,plane
Hanna Valley,Pakistan,Hanna Valley is a notable tourist destination in Pakistan with natural beauty or historical value.,city,Spring,"bus, car"
Kundian,Pakistan,Kundian is a notable tourist destination in Pakistan with natural beauty or historical value.,adventure,Spring,"car, bike, train"
Lasbela,Pakistan,Lasbela is a notable tourist destination in Pakistan with natural beauty or historical value.,beach,Summer,"car, bike, plane"
Gupis Valley,Pakistan,Gupis Valley is a notable tourist destination in Pakistan with natural beauty or historical value.,historical,Winter,"bus, train, car"
Moola Chotok,Pakistan,Moola Chotok is a notable tourist destination in Pakistan with natural beauty or historical value.,cultural,Spring,"bike, plane, bus"
Lower Kachura Lake,Pakistan,Lower Kachura Lake is a notable tourist destination in Pakistan with natural beauty or historical value.,beach,Autumn,"car, bus"
Kundian,Pakistan,Kundian is a notable tourist destination in Pakistan with natural beauty or historical value.,cultural,Summer,plane
Karakoram Highway,Pakistan,Karakoram Highway is a notable tourist destination in Pakistan with natural beauty or historical value.,cultural,Autumn,"train, car"
Satpara Lake,Pakistan,Satpara Lake is a notable tourist destination in Pakistan with natural beauty or historical value.,city,Autumn,"train, bus"
Karambar Lake,Pakistan,Karambar Lake is a notable tourist destination in Pakistan with natural beauty or historical value.,adventure,Summer,"car, plane, bus"
Sibi,Pakistan,Sibi is a notable tourist destination in Pakistan with natural beauty or historical value.,beach,All Year,"bike, car"
Thar Desert,Pakistan,Thar Desert is a notable tourist destination in Pakistan with natural beauty or historical value.,beach,Spring,"plane, bike"
Cape Monze,Pakistan,Cape Monze is a notable tourist destination in Pakistan with natural beauty or historical value.,historical,Summer,"bike, bus"
Abbottabad,Pakistan,Abbottabad is a notable tourist destination in Pakistan with natural beauty or historical value.,beach,Spring,bike
Uthal,Pakistan,Uthal is a notable tourist destination in Pakistan with natural beauty or historical value.,historical,Autumn,bike
French Beach,Pakistan,French Beach is a notable tourist destination in Pakistan with natural beauty or historical value.,adventure,All Year,"plane, train"
Kundian,Pakistan,Kundian is a notable tourist destination in Pakistan with natural beauty or historical value.,city,All Year,"car, train, bus"
Dunga Gali,Pakistan,Dunga Gali is a notable tourist destination in Pakistan with natural beauty or historical value.,cultural,Spring,"plane, bus"
Kundian,Pakistan,Kundian is a notable tourist destination in Pakistan with natural beauty or historical value.,mountain,Spring,plane
Lasbela,Pakistan,Lasbela is a notable tourist destination in Pakistan with natural beauty or historical value.,city,All Year,train
Lower Kachura Lake,Pakistan,Lower Kachura Lake is a notable tourist destination in Pakistan with natural beauty or historical value.,historical,Autumn,"plane, car"
Phander Lake,Pakistan,Phander Lake is a notable tourist destination in Pakistan with natural beauty or historical value.,cultural,Spring,"train, car"
Paniala,Pakistan,Paniala is a notable tourist destination in Pakistan with natural beauty or historical value.,adventure,Spring,"train, plane"
Uthal,Pakistan,Uthal is a notable tourist destination in Pakistan with natural beauty or historical value.,cultural,Spring,train
Dunga Gali,Pakistan,Dunga Gali is a notable tourist destination in Pakistan with natural beauty or historical value.,beach,Autumn,"bus, bike"
Dunga Gali,Pakistan,Dunga Gali is a notable tourist destination in Pakistan with natural beauty or historical value.,city,Spring,plane
Abbottabad,Pakistan,Abbottabad is a notable tourist destination in Pakistan with natural beauty or historical value.,cultural,Summer,"plane, bus, car"
Gupis Valley,Pakistan,Gupis Valley is a notable tourist destination in Pakistan with natural beauty or historical value.,beach,Winter,"bus, plane, car"
Islamkot,Pakistan,Islamkot is a notable tourist destination in Pakistan with natural beauty or historical value.,city,Autumn,"train, bike, plane"
